{
  "project_info": {
    "project_number": "374562821443",
    "firebase_url": "https://iraqibayt-9656d.firebaseio.com",
    "project_id": "iraqibayt-9656d",
    "storage_bucket": "iraqibayt-9656d.appspot.com"
  },
  "client": [
    {
      "client_info": {
        "mobilesdk_app_id": "1:374562821443:android:99d70391d7d7036c8d4bf6",
        "android_client_info": {
          "package_name": "com.iraqibayt"
        }
      },
      "oauth_client": [
        {
          "client_id": "374562821443-u3rnhsg8pehmegrf0rragdt74itf32h1.apps.googleusercontent.com",
          "client_type": 1,
          "android_info": {
            "package_name": "com.iraqibayt",
            "certificate_hash": "a75702f6c095a59dd733dcf85fd59f477616cbaa"
          }
        },
        {
          "client_id": "374562821443-cef5fje51t7pgmk1lh5vu1pi0smu4aqt.apps.googleusercontent.com",
          "client_type": 3
        }
      ],
      "api_key": [
        {
          "current_key": "AIzaSyAhQaexDpY4lDgVMUZg_BPcH-xw8xgYnEk"
        }
      ],
      "services": {
        "appinvite_service": {
          "other_platform_oauth_client": [
            {
              "client_id": "374562821443-cef5fje51t7pgmk1lh5vu1pi0smu4aqt.apps.googleusercontent.com",
              "client_type": 3
            }
          ]
        }
      }
    }
  ],
  "configuration_version": "1"
}